exact_cluster_id,sha256,filename,source,class_name,orig_split
1,1edc46130ab6392ec51e1f81eb4121c2f4005ce3cfc1c9b59d3b4009e606e42f,engaged_1377.jpg,hard_samples,engaged,train
1,1edc46130ab6392ec51e1f81eb4121c2f4005ce3cfc1c9b59d3b4009e606e42f,engaged_1376.jpg,hard_samples,engaged,val
2,23af90972186e096f1eb240b65b4a2a9f08179dd9a6eab0f758ce0575e23ae63,engaged_1379.jpg,hard_samples,engaged,train
2,23af90972186e096f1eb240b65b4a2a9f08179dd9a6eab0f758ce0575e23ae63,engaged_1378.jpg,hard_samples,engaged,test
3,0b215a0a7a705fe969ebf101dc3aef67fbd814702ee6fa40c7fbaa33e8cfd530,engaged_1388.jpg,hard_samples,engaged,train
3,0b215a0a7a705fe969ebf101dc3aef67fbd814702ee6fa40c7fbaa33e8cfd530,engaged_1389.jpg,hard_samples,engaged,train
4,8f3213f32e228767600aeb6b5d785f0e660f7edfd413579beccd091f85394402,engaged_1390.jpg,hard_samples,engaged,train
4,8f3213f32e228767600aeb6b5d785f0e660f7edfd413579beccd091f85394402,engaged_1391.jpg,hard_samples,engaged,train
5,9dd04680bdce856e5f31c0c9df039583fce16a04f9655f7c3f842d254ae76bf9,engaged_1406.jpg,hard_samples,engaged,train
5,9dd04680bdce856e5f31c0c9df039583fce16a04f9655f7c3f842d254ae76bf9,engaged_1405.jpg,hard_samples,engaged,val
6,bf3bba1f34363b43f9435ea330b3f87f8f7fb2688d74c4e15bef08acca897c91,engaged_1803.jpg,hard_samples,engaged,train
6,bf3bba1f34363b43f9435ea330b3f87f8f7fb2688d74c4e15bef08acca897c91,engaged_1804.jpg,hard_samples,engaged,train
7,2420952cc7441d614c76d7ce4be8d845ebc21171111c6491432e079e493c1cd1,engaged_1807.jpg,hard_samples,engaged,train
7,2420952cc7441d614c76d7ce4be8d845ebc21171111c6491432e079e493c1cd1,engaged_1806.jpg,hard_samples,engaged,test
8,bbd20bc4272842938c00e6ca1f781f69b354bbe258673f84b4fcab899f27e3c1,engaged_1809.jpg,hard_samples,engaged,train
8,bbd20bc4272842938c00e6ca1f781f69b354bbe258673f84b4fcab899f27e3c1,engaged_1810.jpg,hard_samples,engaged,train
9,2c399bf11721f17fb79ddeae53ee5e6b1ecfc9c01a40a8b99e8d394103f62480,engaged_1852.jpg,hard_samples,engaged,train
9,2c399bf11721f17fb79ddeae53ee5e6b1ecfc9c01a40a8b99e8d394103f62480,engaged_1853.jpg,hard_samples,engaged,train
10,fba4082eeb894c47300f60963bcbeb2d083ba2640cf7ce811aa7ac22edae271c,engaged_1866.jpg,hard_samples,engaged,train
10,fba4082eeb894c47300f60963bcbeb2d083ba2640cf7ce811aa7ac22edae271c,engaged_1867.jpg,hard_samples,engaged,val
11,f064b4b39f89b6f1e39326c59a750cee10775ca7026187508faf4e1f8905fc80,engaged_1924.jpg,hard_samples,engaged,train
11,f064b4b39f89b6f1e39326c59a750cee10775ca7026187508faf4e1f8905fc80,engaged_1925.jpg,hard_samples,engaged,test
12,7d0ffcc998b224adec024d594732b9471ca6398a23552903234d9dbf6e63cada,engaged_1983.jpg,hard_samples,engaged,train
12,7d0ffcc998b224adec024d594732b9471ca6398a23552903234d9dbf6e63cada,engaged_1982.jpg,hard_samples,engaged,test
13,1a16dc3303e2c42b3f350e6b95c5538e7a78a5b454ade1ddb33389dfcad94810,engaged_2046.jpg,hard_samples,engaged,train
13,1a16dc3303e2c42b3f350e6b95c5538e7a78a5b454ade1ddb33389dfcad94810,engaged_2045.jpg,hard_samples,engaged,val
14,9132caf34769d276147be32f14196437def0dde83cea1656f9ddeeadabd81593,engaged_2049.jpg,hard_samples,engaged,train
14,9132caf34769d276147be32f14196437def0dde83cea1656f9ddeeadabd81593,engaged_2048.jpg,hard_samples,engaged,test
15,8b02601b3fa578f75f3334c38c9b2f70220686c3157e910ecfb38ca116996060,engaged_2075.jpg,hard_samples,engaged,train
15,8b02601b3fa578f75f3334c38c9b2f70220686c3157e910ecfb38ca116996060,engaged_2076.jpg,hard_samples,engaged,train
16,44898b604f103e436b65b11a9bebe285ac19d26f3d431e37db9349cb34883a9c,engaged_2097.jpg,hard_samples,engaged,train
16,44898b604f103e436b65b11a9bebe285ac19d26f3d431e37db9349cb34883a9c,engaged_2098.jpg,hard_samples,engaged,train
17,cd63c82ff2ea7d8ab44afa00760700c064fce0080bf883da9397bb20fd1f79a0,engaged_2107.jpg,hard_samples,engaged,train
17,cd63c82ff2ea7d8ab44afa00760700c064fce0080bf883da9397bb20fd1f79a0,engaged_2106.jpg,hard_samples,engaged,test
18,296883ed824073481b2d757b5d91e1718c84d011d5d12d1a694d5af81565e354,engaged_2118.jpg,hard_samples,engaged,train
18,296883ed824073481b2d757b5d91e1718c84d011d5d12d1a694d5af81565e354,engaged_2119.jpg,hard_samples,engaged,train
19,065992ea5e86d913485a96f2745c5d91f76f22f93e8dd4aba6daa9aa5cc1846c,engaged_2126.jpg,hard_samples,engaged,train
19,065992ea5e86d913485a96f2745c5d91f76f22f93e8dd4aba6daa9aa5cc1846c,engaged_2125.jpg,hard_samples,engaged,test
20,312b8bf86f73d119777a2dc89b847130775bf43719c5c29bc584d2263c5bf41b,engaged_2145.jpg,hard_samples,engaged,train
20,312b8bf86f73d119777a2dc89b847130775bf43719c5c29bc584d2263c5bf41b,engaged_2146.jpg,hard_samples,engaged,train
21,e54b71d1c8630c8af48b5d4a01f7c55ffc5c342d53d28f646f0173e98910b7af,engaged_2149.jpg,hard_samples,engaged,train
21,e54b71d1c8630c8af48b5d4a01f7c55ffc5c342d53d28f646f0173e98910b7af,engaged_2150.jpg,hard_samples,engaged,train
22,4377ef1353ecde6c6372eb23b908c91373a0f90269039f7ede58fed7b4bab69a,engaged_2157.jpg,hard_samples,engaged,train
22,4377ef1353ecde6c6372eb23b908c91373a0f90269039f7ede58fed7b4bab69a,engaged_2158.jpg,hard_samples,engaged,train
23,c378f90c36d4291b46502094823fb5afd9d19583ed6753525d2e7cfd03127fc5,engaged_2164.jpg,hard_samples,engaged,train
23,c378f90c36d4291b46502094823fb5afd9d19583ed6753525d2e7cfd03127fc5,engaged_2165.jpg,hard_samples,engaged,train
24,1ec9661168b74f623c7b539d20bb9bbf6086289ba325ea559af7e58b11be5448,engaged_2173.jpg,hard_samples,engaged,train
24,1ec9661168b74f623c7b539d20bb9bbf6086289ba325ea559af7e58b11be5448,engaged_2174.jpg,hard_samples,engaged,train
25,3f18291ff29562a90a07f3c5b70cec25f878f79add17e43bab102e5d0a1ae1a4,engaged_2182.jpg,hard_samples,engaged,train
25,3f18291ff29562a90a07f3c5b70cec25f878f79add17e43bab102e5d0a1ae1a4,engaged_2181.jpg,hard_samples,engaged,test
26,77d671c4bf5749369bb2a9d82a46fd53562bf0edc2d4d4668c7a1a48e1a3bf01,engaged_2188.jpg,hard_samples,engaged,train
26,77d671c4bf5749369bb2a9d82a46fd53562bf0edc2d4d4668c7a1a48e1a3bf01,engaged_2189.jpg,hard_samples,engaged,train
27,31631249a23390de033f877aa184a87e0ca340416bddee72bd435b5f1a5d75ac,engaged_2192.jpg,hard_samples,engaged,train
27,31631249a23390de033f877aa184a87e0ca340416bddee72bd435b5f1a5d75ac,engaged_2191.jpg,hard_samples,engaged,test
28,cad88219c65ce18cb8baac1dde5838bce18828d309a32dfce516f5a5003abd3c,engaged_2200.jpg,hard_samples,engaged,train
28,cad88219c65ce18cb8baac1dde5838bce18828d309a32dfce516f5a5003abd3c,engaged_2201.jpg,hard_samples,engaged,train
29,aaf971952bc7079898ae287fd6de6431167c252480a013b3b0543c17a382b3e4,engaged_2204.jpg,hard_samples,engaged,train
29,aaf971952bc7079898ae287fd6de6431167c252480a013b3b0543c17a382b3e4,engaged_2203.jpg,hard_samples,engaged,test
30,84a549c2acf9c07c3b432821c0221d2b1c56a4ffe9cf425974443ea22d4f6d19,engaged_2212.jpg,hard_samples,engaged,train
30,84a549c2acf9c07c3b432821c0221d2b1c56a4ffe9cf425974443ea22d4f6d19,engaged_2213.jpg,hard_samples,engaged,val
31,64904d9be71885dd92d89e4a846707fc5c3fec0e39f3f2fa2596c69138319a92,engaged_2215.jpg,hard_samples,engaged,train
31,64904d9be71885dd92d89e4a846707fc5c3fec0e39f3f2fa2596c69138319a92,engaged_2216.jpg,hard_samples,engaged,test
32,2a6a870e331720a39dafdb0f33c93433be83724455e1623796d741c50ce68624,engaged_458.jpg,hard_samples,engaged,train
32,2a6a870e331720a39dafdb0f33c93433be83724455e1623796d741c50ce68624,engaged_459.jpg,hard_samples,engaged,train
33,9123cce35d8f9d1eaeb09b7c58efd26b64198815830d4c9589bacb1ab3ba53c9,engaged_462.jpg,hard_samples,engaged,train
33,9123cce35d8f9d1eaeb09b7c58efd26b64198815830d4c9589bacb1ab3ba53c9,engaged_463.jpg,hard_samples,engaged,train
34,505295ffe3671f4a3784cde6a4dc7c250c094a22ed1179822407db09e77285b2,engaged_464.jpg,hard_samples,engaged,train
34,505295ffe3671f4a3784cde6a4dc7c250c094a22ed1179822407db09e77285b2,engaged_465.jpg,hard_samples,engaged,test
35,0bf0e4bae0c4b99bc07a6fc68ad91f9a9af2b0736769336a66c14da0616f19c5,engaged_2079.jpg,hard_samples,engaged,val
35,0bf0e4bae0c4b99bc07a6fc68ad91f9a9af2b0736769336a66c14da0616f19c5,engaged_2080.jpg,hard_samples,engaged,val
