epoch,time,train/box_loss,train/cls_loss,train/dfl_loss,metrics/precision(B),metrics/recall(B),metrics/mAP50(B),metrics/mAP75(B),metrics/mAP50-95(B),val/box_loss,val/cls_loss,val/dfl_loss,lr/pg0,lr/pg1,lr/pg2
1,36.5844,1.11485,2.98056,1.44403,0.29444,0.79949,0.40518,0.3965,0.29881,1.08105,2.19295,1.29867,0.000329317,0.000329317,0.000329317
2,68.9005,0.89195,2.09128,1.17837,0.31706,0.83265,0.45992,0.42308,0.29356,1.48963,1.8642,1.7493,0.000658277,0.000658277,0.000658277
3,98.4298,0.83649,1.84558,1.1403,0.51481,0.70798,0.62795,0.60935,0.53733,0.60263,1.49015,0.90608,0.000982837,0.000982837,0.000982837
4,126.274,0.7977,1.66511,1.11126,0.48537,0.63871,0.61688,0.60775,0.52957,0.62752,1.57705,0.89826,0.0009802,0.0009802,0.0009802
5,153.67,0.81198,1.50904,1.12056,0.57034,0.77025,0.72275,0.71629,0.61632,0.59042,1.19993,0.91111,0.0009736,0.0009736,0.0009736
6,181.405,0.74781,1.36579,1.08141,0.69055,0.66963,0.77905,0.77544,0.70151,0.50741,1.03038,0.83618,0.000967,0.000967,0.000967
7,210.886,0.72918,1.20968,1.06633,0.8978,0.5636,0.80316,0.79125,0.70245,0.67116,1.33666,0.95151,0.0009604,0.0009604,0.0009604
8,240.089,0.74483,1.16788,1.08175,0.66511,0.74125,0.80235,0.80077,0.70459,0.64157,1.19698,0.93259,0.0009538,0.0009538,0.0009538
9,271.298,0.66743,1.06878,1.04043,0.80822,0.82919,0.92309,0.90937,0.73492,0.89304,0.80655,1.03344,0.0009472,0.0009472,0.0009472
10,304.008,0.70389,1.04913,1.05928,0.84766,0.75194,0.86191,0.85878,0.77818,0.52195,1.03282,0.85899,0.0009406,0.0009406,0.0009406
11,336.577,0.68115,1.00233,1.05695,0.80904,0.76737,0.88803,0.88538,0.81275,0.48376,0.81392,0.82259,0.000934,0.000934,0.000934
12,368.863,0.66769,0.96002,1.04023,0.8702,0.81968,0.92653,0.91112,0.83903,0.48111,0.65746,0.8424,0.0009274,0.0009274,0.0009274
13,398.946,0.62682,0.90725,1.01842,0.8694,0.84543,0.93457,0.93133,0.8644,0.45385,0.55765,0.80464,0.0009208,0.0009208,0.0009208
14,429.01,0.64658,0.87249,1.02558,0.92932,0.82143,0.95519,0.95325,0.87916,0.41801,0.69842,0.79473,0.0009142,0.0009142,0.0009142
15,459.032,0.60631,0.81279,1.01257,0.86057,0.87614,0.95562,0.9525,0.87445,0.48211,0.5317,0.83225,0.0009076,0.0009076,0.0009076
16,489.185,0.62275,0.83032,1.01561,0.91735,0.87105,0.9444,0.94234,0.82822,0.66038,0.60004,0.91686,0.000901,0.000901,0.000901
17,519.388,0.61489,0.81258,1.02213,0.93558,0.8108,0.93185,0.92983,0.86505,0.44882,0.59028,0.81711,0.0008944,0.0008944,0.0008944
18,549.634,0.61905,0.79267,1.01511,0.93846,0.83036,0.94446,0.94244,0.88849,0.41085,0.49843,0.80921,0.0008878,0.0008878,0.0008878
19,579.819,0.59736,0.72981,1.00858,0.8901,0.93145,0.96015,0.95828,0.89022,0.4714,0.51408,0.83287,0.0008812,0.0008812,0.0008812
20,609.234,0.59372,0.74211,1.00189,0.92971,0.86757,0.95658,0.95509,0.90034,0.41225,0.44111,0.79928,0.0008746,0.0008746,0.0008746
21,638.287,0.57856,0.70942,0.99289,0.92667,0.88073,0.96546,0.96282,0.90328,0.40263,0.48534,0.79178,0.000868,0.000868,0.000868
22,667.825,0.57694,0.7025,1.00121,0.97532,0.93427,0.9864,0.9864,0.93354,0.37824,0.35126,0.79021,0.0008614,0.0008614,0.0008614
23,698.268,0.58499,0.71281,1.00057,0.92588,0.88289,0.96838,0.96275,0.89502,0.42843,0.43813,0.79567,0.0008548,0.0008548,0.0008548
24,730.111,0.57719,0.689,0.99329,0.96955,0.92301,0.98116,0.97893,0.9291,0.39272,0.35406,0.79741,0.0008482,0.0008482,0.0008482
25,761.71,0.56062,0.6784,0.99102,0.8984,0.90558,0.97488,0.97043,0.92868,0.39194,0.4011,0.78765,0.0008416,0.0008416,0.0008416
26,793.153,0.55696,0.66303,0.98921,0.96923,0.9215,0.98141,0.97876,0.91935,0.40308,0.37183,0.8,0.000835,0.000835,0.000835
27,825.639,0.55268,0.62874,0.98392,0.98239,0.91394,0.98347,0.98052,0.9087,0.43018,0.34578,0.80552,0.0008284,0.0008284,0.0008284
28,859.473,0.5446,0.64106,0.98317,0.91114,0.90112,0.96522,0.9622,0.91491,0.39253,0.41342,0.78919,0.0008218,0.0008218,0.0008218
29,892.729,0.55779,0.6485,0.9837,0.95183,0.8813,0.97315,0.97084,0.91175,0.43307,0.40734,0.79348,0.0008152,0.0008152,0.0008152
30,925.346,0.57248,0.64198,0.99625,0.96491,0.92803,0.98346,0.98052,0.9352,0.39034,0.34212,0.79164,0.0008086,0.0008086,0.0008086
31,955.876,0.56406,0.65722,0.98734,0.95936,0.94432,0.98552,0.98342,0.91939,0.42858,0.32239,0.80673,0.000802,0.000802,0.000802
32,986.419,0.54077,0.59357,0.98327,0.92785,0.88936,0.97253,0.96965,0.92824,0.36578,0.38417,0.78665,0.0007954,0.0007954,0.0007954
33,1016.52,0.51835,0.58536,0.9725,0.95162,0.902,0.97887,0.97622,0.91332,0.4019,0.34288,0.78626,0.0007888,0.0007888,0.0007888
34,1048.14,0.57552,0.60062,0.98721,0.9656,0.9547,0.9841,0.9841,0.92624,0.40161,0.30718,0.78907,0.0007822,0.0007822,0.0007822
35,1078.61,0.53971,0.60109,0.97769,0.96184,0.94161,0.98655,0.98419,0.9372,0.3874,0.30572,0.78538,0.0007756,0.0007756,0.0007756
36,1110.52,0.53118,0.59526,0.98078,0.93455,0.96384,0.98825,0.98568,0.94285,0.36745,0.29709,0.77763,0.000769,0.000769,0.000769
37,1141.97,0.51878,0.58406,0.9776,0.95733,0.91301,0.98379,0.98095,0.94378,0.37691,0.37499,0.79256,0.0007624,0.0007624,0.0007624
38,1173.59,0.52243,0.58449,0.97036,0.95285,0.94576,0.98453,0.98197,0.93974,0.39015,0.35179,0.78972,0.0007558,0.0007558,0.0007558
39,1206.03,0.50606,0.57121,0.96302,0.96826,0.93235,0.98508,0.983,0.93461,0.41068,0.31878,0.78916,0.0007492,0.0007492,0.0007492
40,1238.11,0.49026,0.54136,0.95513,0.94517,0.93963,0.97791,0.97544,0.94165,0.3349,0.3125,0.76727,0.0007426,0.0007426,0.0007426
41,1268.69,0.51373,0.54121,0.9619,0.94527,0.90817,0.98021,0.97774,0.92624,0.39788,0.34815,0.7819,0.000736,0.000736,0.000736
42,1298.26,0.53441,0.56503,0.97484,0.97644,0.94409,0.98751,0.98543,0.94991,0.35105,0.28981,0.76965,0.0007294,0.0007294,0.0007294
43,1327.82,0.51586,0.54805,0.9653,0.9669,0.92779,0.98346,0.98111,0.94532,0.35059,0.28976,0.77006,0.0007228,0.0007228,0.0007228
44,1357.26,0.48895,0.52876,0.95718,0.97392,0.95031,0.99068,0.98853,0.95607,0.34173,0.26267,0.76842,0.0007162,0.0007162,0.0007162
45,1386.57,0.48243,0.51499,0.95314,0.95222,0.94217,0.98941,0.98712,0.94956,0.34584,0.274,0.77005,0.0007096,0.0007096,0.0007096
46,1415.85,0.49269,0.55911,0.95871,0.98083,0.96153,0.9892,0.98626,0.94664,0.36128,0.27021,0.77406,0.000703,0.000703,0.000703
47,1445.49,0.50905,0.54033,0.96409,0.98047,0.95257,0.98691,0.98442,0.95052,0.354,0.27596,0.77028,0.0006964,0.0006964,0.0006964
48,1474.57,0.48251,0.52081,0.95538,0.9385,0.9143,0.98007,0.97784,0.94774,0.32786,0.33639,0.75986,0.0006898,0.0006898,0.0006898
49,1500.81,0.46056,0.51338,0.9494,0.97381,0.91122,0.98637,0.98444,0.94991,0.36593,0.28619,0.7676,0.0006832,0.0006832,0.0006832
50,1528.14,0.47962,0.50152,0.95561,0.96315,0.9338,0.98559,0.98374,0.95127,0.36082,0.27471,0.76654,0.0006766,0.0006766,0.0006766
51,1555.67,0.47408,0.50907,0.95348,0.9809,0.9319,0.98863,0.9867,0.94686,0.37545,0.28284,0.77334,0.00067,0.00067,0.00067
52,1583.07,0.47246,0.52167,0.95095,0.94482,0.92123,0.97995,0.97784,0.9457,0.34955,0.3227,0.77399,0.0006634,0.0006634,0.0006634
53,1609.67,0.47955,0.50794,0.9531,0.95938,0.95265,0.99107,0.98897,0.96072,0.30424,0.24976,0.76202,0.0006568,0.0006568,0.0006568
54,1636.14,0.473,0.49232,0.9469,0.98554,0.93479,0.98974,0.98974,0.95856,0.31828,0.26364,0.75787,0.0006502,0.0006502,0.0006502
55,1663.33,0.46913,0.49474,0.94495,0.97666,0.96191,0.98812,0.98812,0.94269,0.34794,0.2646,0.76658,0.0006436,0.0006436,0.0006436
56,1692.3,0.45822,0.49475,0.93499,0.96999,0.96586,0.98976,0.98759,0.96132,0.32527,0.23325,0.75751,0.000637,0.000637,0.000637
57,1720.18,0.49648,0.50309,0.96819,0.97659,0.94844,0.98701,0.98473,0.9586,0.31529,0.25799,0.75637,0.0006304,0.0006304,0.0006304
58,1747.5,0.52379,0.50398,0.95909,0.98077,0.9194,0.98701,0.98502,0.95897,0.32354,0.28029,0.75914,0.0006238,0.0006238,0.0006238
59,1774.95,0.47615,0.48843,0.94759,0.96931,0.90038,0.98254,0.98001,0.94725,0.34119,0.33733,0.76967,0.0006172,0.0006172,0.0006172
60,1802.41,0.46579,0.46774,0.94792,0.96799,0.94835,0.98785,0.98534,0.95512,0.33484,0.26898,0.76317,0.0006106,0.0006106,0.0006106
61,1829.93,0.46038,0.47461,0.94501,0.96777,0.92838,0.98778,0.98511,0.94337,0.35513,0.27468,0.77381,0.000604,0.000604,0.000604
62,1857.48,0.46367,0.49488,0.95042,0.97489,0.89973,0.98239,0.98036,0.95638,0.30764,0.30743,0.75713,0.0005974,0.0005974,0.0005974
63,1885.71,0.46342,0.47943,0.94476,0.96808,0.93437,0.98732,0.98505,0.95506,0.32848,0.26789,0.76177,0.0005908,0.0005908,0.0005908
64,1914.5,0.44171,0.44598,0.93798,0.96776,0.95407,0.9862,0.98336,0.95713,0.30899,0.26866,0.7597,0.0005842,0.0005842,0.0005842
65,1942.52,0.45818,0.46164,0.94795,0.96779,0.96116,0.99061,0.99061,0.95386,0.33495,0.24395,0.76605,0.0005776,0.0005776,0.0005776
66,1969.86,0.44199,0.4562,0.93991,0.94866,0.96949,0.98856,0.98856,0.95422,0.3557,0.26672,0.77137,0.000571,0.000571,0.000571
67,1997.26,0.43816,0.44275,0.93519,0.97497,0.9403,0.98416,0.98416,0.94819,0.35536,0.25327,0.77613,0.0005644,0.0005644,0.0005644
68,2024.66,0.43581,0.42598,0.94126,0.96022,0.92739,0.9723,0.96858,0.9382,0.32393,0.3362,0.77133,0.0005578,0.0005578,0.0005578
69,2052.48,0.43598,0.4365,0.93273,0.9906,0.96275,0.98995,0.98995,0.96095,0.32971,0.24229,0.75958,0.0005512,0.0005512,0.0005512
70,2081.35,0.44471,0.45681,0.94274,0.97885,0.95609,0.98998,0.98998,0.96587,0.30986,0.24229,0.7562,0.0005446,0.0005446,0.0005446
71,2109.81,0.429,0.44056,0.93231,0.97571,0.95704,0.99146,0.98888,0.96115,0.32452,0.23366,0.75416,0.000538,0.000538,0.000538
72,2137.35,0.42097,0.41942,0.92837,0.98417,0.98225,0.992,0.98986,0.96578,0.31825,0.20921,0.75696,0.0005314,0.0005314,0.0005314
73,2164.79,0.43495,0.41908,0.9286,0.99013,0.94071,0.98819,0.98819,0.95292,0.34481,0.25275,0.76547,0.0005248,0.0005248,0.0005248
74,2191.99,0.43255,0.42821,0.93988,0.96901,0.97769,0.992,0.992,0.93332,0.39575,0.23384,0.7811,0.0005182,0.0005182,0.0005182
75,2219.33,0.45205,0.43388,0.94642,0.97973,0.95645,0.99111,0.98878,0.96289,0.2945,0.22766,0.75373,0.0005116,0.0005116,0.0005116
76,2246.68,0.45138,0.42721,0.93717,0.97093,0.94534,0.98872,0.98872,0.96227,0.29636,0.23528,0.75414,0.000505,0.000505,0.000505
77,2273.9,0.4162,0.38946,0.92563,0.98067,0.94909,0.99002,0.99002,0.96371,0.31074,0.23857,0.75787,0.0004984,0.0004984,0.0004984
78,2301.88,0.43677,0.42859,0.93254,0.97426,0.9615,0.99138,0.99138,0.95813,0.34897,0.2281,0.76259,0.0004918,0.0004918,0.0004918
79,2330.76,0.41776,0.40297,0.93145,0.95678,0.97448,0.98888,0.98888,0.96914,0.29396,0.24686,0.74736,0.0004852,0.0004852,0.0004852
80,2358.48,0.41849,0.40495,0.9251,0.96314,0.9602,0.99015,0.98755,0.96011,0.33477,0.24178,0.75818,0.0004786,0.0004786,0.0004786
81,2386.34,0.40983,0.40713,0.92625,0.97013,0.97407,0.99134,0.99134,0.96184,0.35794,0.22626,0.76606,0.000472,0.000472,0.000472
82,2414.61,0.42317,0.40472,0.93491,0.97059,0.95702,0.99151,0.99151,0.97282,0.28224,0.21534,0.74528,0.0004654,0.0004654,0.0004654
83,2442.13,0.4091,0.39454,0.92132,0.97851,0.9562,0.98991,0.98991,0.97184,0.27678,0.2122,0.74618,0.0004588,0.0004588,0.0004588
84,2469.69,0.4178,0.39931,0.92897,0.97575,0.95243,0.99051,0.99051,0.96355,0.30935,0.25564,0.74954,0.0004522,0.0004522,0.0004522
85,2497.32,0.42337,0.40725,0.93459,0.97149,0.97046,0.99282,0.98983,0.95634,0.34466,0.22155,0.76634,0.0004456,0.0004456,0.0004456
86,2525.8,0.42852,0.4053,0.93356,0.97715,0.96963,0.99103,0.99103,0.96007,0.31033,0.21979,0.7552,0.000439,0.000439,0.000439
87,2553.22,0.4082,0.40149,0.93007,0.9728,0.96655,0.99152,0.99152,0.97491,0.28722,0.23054,0.74587,0.0004324,0.0004324,0.0004324
88,2579.31,0.40957,0.37499,0.92171,0.98217,0.957,0.99133,0.99133,0.97674,0.27666,0.2043,0.7448,0.0004258,0.0004258,0.0004258
89,2605.41,0.39371,0.37759,0.922,0.95073,0.94054,0.98501,0.98274,0.9685,0.29009,0.24854,0.75026,0.0004192,0.0004192,0.0004192
90,2633.46,0.39756,0.38905,0.92434,0.97038,0.9514,0.98975,0.98975,0.97207,0.32073,0.22701,0.75688,0.0004126,0.0004126,0.0004126
91,2663.57,0.40753,0.39239,0.926,0.97986,0.94896,0.99213,0.99213,0.97309,0.30998,0.21058,0.75005,0.000406,0.000406,0.000406
92,2692.18,0.42698,0.38943,0.92777,0.97502,0.97886,0.9929,0.9929,0.97487,0.28795,0.20324,0.74945,0.0003994,0.0003994,0.0003994
93,2718.67,0.39857,0.3778,0.92316,0.98231,0.96479,0.99258,0.99036,0.96371,0.34281,0.21068,0.76333,0.0003928,0.0003928,0.0003928
94,2745.04,0.39058,0.37903,0.91919,0.96912,0.96597,0.99055,0.98813,0.97244,0.31119,0.22007,0.75345,0.0003862,0.0003862,0.0003862
95,2771.26,0.38128,0.35412,0.91067,0.98169,0.96433,0.9923,0.9923,0.97139,0.28612,0.19134,0.74591,0.0003796,0.0003796,0.0003796
96,2799.37,0.38634,0.34835,0.91559,0.96606,0.95598,0.98889,0.98889,0.96945,0.29314,0.22717,0.74636,0.000373,0.000373,0.000373
97,2827.31,0.39368,0.35933,0.91642,0.97805,0.95269,0.98828,0.98569,0.96937,0.27493,0.21597,0.7433,0.0003664,0.0003664,0.0003664
98,2855.42,0.39558,0.37773,0.92163,0.97895,0.97279,0.99022,0.99022,0.9689,0.28951,0.20003,0.74955,0.0003598,0.0003598,0.0003598
99,2885.22,0.38883,0.37065,0.91299,0.9708,0.96346,0.99009,0.99009,0.97348,0.28613,0.20902,0.74767,0.0003532,0.0003532,0.0003532
100,2916.02,0.40025,0.37784,0.92651,0.97862,0.98078,0.99264,0.98987,0.97601,0.26308,0.20155,0.74152,0.0003466,0.0003466,0.0003466
101,2944.79,0.38982,0.37688,0.92007,0.97947,0.96713,0.99212,0.9894,0.97237,0.26976,0.19649,0.74153,0.00034,0.00034,0.00034
102,2976.41,0.40249,0.37284,0.9234,0.97297,0.95856,0.99089,0.98834,0.96784,0.26729,0.21508,0.74402,0.0003334,0.0003334,0.0003334
103,3006.35,0.38595,0.36944,0.91996,0.98447,0.96887,0.99169,0.99169,0.97323,0.26691,0.1964,0.73992,0.0003268,0.0003268,0.0003268
104,3036.36,0.38391,0.3541,0.91641,0.98615,0.96525,0.99111,0.99111,0.97125,0.28794,0.19964,0.74285,0.0003202,0.0003202,0.0003202
105,3066.29,0.36937,0.33213,0.90626,0.98722,0.95808,0.99048,0.99048,0.97352,0.27442,0.1955,0.74004,0.0003136,0.0003136,0.0003136
106,3096.16,0.37129,0.33781,0.91059,0.98051,0.96775,0.99157,0.99157,0.97563,0.26347,0.19181,0.73791,0.000307,0.000307,0.000307
107,3127.46,0.3689,0.33326,0.90803,0.97181,0.96914,0.99073,0.99073,0.97369,0.2719,0.20285,0.74044,0.0003004,0.0003004,0.0003004
108,3158.69,0.37103,0.34008,0.9125,0.97722,0.97288,0.99129,0.99129,0.97519,0.25473,0.18612,0.73651,0.0002938,0.0002938,0.0002938
109,3188.58,0.35822,0.32529,0.90393,0.97268,0.97474,0.99123,0.99123,0.97338,0.2759,0.19435,0.73879,0.0002872,0.0002872,0.0002872
110,3218.17,0.3625,0.32392,0.9047,0.96511,0.97463,0.98979,0.98979,0.97325,0.2686,0.20155,0.74211,0.0002806,0.0002806,0.0002806
111,3247.92,0.36161,0.32106,0.91099,0.97511,0.97231,0.99061,0.99061,0.97084,0.28402,0.19339,0.74475,0.000274,0.000274,0.000274
112,3277.46,0.36719,0.33937,0.90799,0.96421,0.95725,0.98941,0.98941,0.97063,0.24925,0.20878,0.73337,0.0002674,0.0002674,0.0002674
113,3307.46,0.3579,0.32705,0.90497,0.98251,0.96681,0.99102,0.99102,0.97208,0.25445,0.17931,0.73935,0.0002608,0.0002608,0.0002608
