filename,yolo_wall_clock_ms,yolo_native_infer_ms,yolo_native_pre_ms,yolo_native_post_ms,knn_gt_crop_ms,knn_gt_hog_ms,knn_gt_predict_ms,knn_gt_total_pipeline_ms,hybrid_yolo_det_ms,hybrid_crop_ms,hybrid_hog_ms,hybrid_knn_predict_ms,hybrid_total_pipeline_ms
bigdata_bored_engaged_aksan_50_1773299656187_003_jpg.rf.92207d86703dfebc8703f74c5907553d.jpg,23.223800002597272,20.25127410888672,1.0008811950683594,0.9999275207519531,0.007599999662488699,1.2969999806955457,18.057400011457503,19.361999991815537,23.223800002597272,0.2641999744810164,1.1295000440441072,18.70819996111095,43.325699982233346
bigdata_bored_engaged_aksan_50_1773299658160_015_jpg.rf.624296902ef02a4f999acc966c303d98.jpg,26.10279998043552,23.021459579467773,2.0151138305664062,0.9999275207519531,0.008000002708286047,1.1622000019997358,18.70959997177124,19.879799976479262,26.10279998043552,0.2801999798975885,1.0781000019051135,17.617900040932,45.07900000317022
bigdata_bored_engaged_aksan_50_1773299658160_017_jpg.rf.6749973df3d7d41f4fdfa23cb462df9b.jpg,22.940300055779517,20.134925842285156,1.0001659393310547,1.9977092742919922,0.00890000956133008,1.1399000068195164,19.21220001531765,20.361000031698495,22.940300055779517,0.2959000412374735,1.0812999680638313,18.217200005892664,42.534700070973486
bigdata_bored_engaged_aksan_50_1773299658704_021_jpg.rf.cc123dd299fe6df4290aa92518c12178.jpg,27.532199979759753,24.303197860717773,1.0073184967041016,2.0067691802978516,0.008800008799880743,1.1394000030122697,17.926500004250556,19.074700016062707,27.532199979759753,0.29340002220124006,1.1038000229746103,17.982699966523796,46.9120999914594
bigdata_bored_engaged_aksan_50_1773299658704_022_jpg.rf.d74a001f244a6d7adc6f8cadc2ae3268.jpg,25.8274000370875,23.067951202392578,1.0046958923339844,0.9958744049072266,0.007399998139590025,1.0003999923355877,17.79249997343868,18.800299963913858,25.8274000370875,0.284800014924258,1.0677000391297042,17.19129999401048,44.37120008515194
bigdata_bored_engaged_ansyah_08_1774442989962_000_jpg.rf.0236f0c9f27488f710ab169102bcd926.jpg,30.383999983314425,27.34208106994629,1.0020732879638672,1.0004043579101562,0.008000002708286047,1.142699969932437,18.29660002840683,19.44730000104755,30.383999983314425,0.28609996661543846,1.0762999881990254,16.781700018327683,48.52809995645657
bigdata_bored_engaged_ardiansyah_26_1774441956742_008_jpg.rf.48f1c02f99e5a47fd205de22a3ede725.jpg,25.904699985403568,19.34194564819336,0.9999275207519531,3.9997100830078125,0.009800016414374113,1.0751999798230827,17.22500001778826,18.310000014025718,25.904699985403568,0.3171999705955386,1.114899991080165,17.923899984452873,45.260699931532145
bigdata_bored_engaged_ardiansyah_26_1774441957290_011_jpg.rf.177141180e13d686e68f6a2242cc1696.jpg,22.85960002336651,20.02096176147461,1.0056495666503906,1.0008811950683594,0.00909995287656784,1.1642000172287226,20.44900000328198,21.62229997338727,22.85960002336651,0.5882999976165593,0.9823999716900289,17.617300036363304,42.0476000290364
bigdata_bored_engaged_ardiansyah_26_1774441959054_020_jpg.rf.1b1614ed29107dfc8fbefa1a2e65a037.jpg,23.776400019414723,20.53523063659668,2.0203590393066406,1.0075569152832031,0.008300004992634058,1.1736999731510878,18.203900021035224,19.385899999178946,23.776400019414723,0.29450003057718277,1.116100000217557,17.627099994570017,42.81410004477948
bigdata_bored_engaged_arya_31_1773299393144_002_jpg.rf.82e1cc9694f72af5f96862525ea056a7.jpg,23.276599997188896,19.870519638061523,1.2810230255126953,1.0001659393310547,0.008100003469735384,1.1534999939613044,17.766199947800487,18.927799945231527,23.276599997188896,0.29749999521300197,1.0714000090956688,17.27529999334365,41.92079999484122
bigdata_bored_engaged_arya_31_1773299395953_017_jpg.rf.b4143f8ee9aa1500d409ad7c17dd555d.jpg,25.495100009720773,22.028207778930664,1.9953250885009766,1.523733139038086,0.010300020221620798,1.215199998114258,17.502699978649616,18.728199996985495,25.495100009720773,0.3032000386156142,1.0748000349849463,17.902799998410046,44.77590008173138
bigdata_bored_engaged_iann_62_1774442872994_005_jpg.rf.e6cbcdaa107b60651f167a09aee963ac.jpg,24.544799991417676,19.679546356201172,1.5079975128173828,2.010822296142578,0.02370000584051013,1.307699945755303,20.190400013234466,21.52179996483028,24.544799991417676,0.5852999747730792,1.1220000451430678,18.70399998733774,44.95609999867156
bigdata_bored_engaged_iann_62_1774442872994_007_jpg.rf.ad007d9b22f331002d7f0e1f1f5076ce.jpg,23.319799976889044,19.664764404296875,2.507925033569336,1.1832714080810547,0.012299977242946625,1.258400036022067,16.421600012108684,17.692300025373697,23.319799976889044,0.604200002271682,1.3163000112399459,17.739799979608506,42.98009997000918
bigdata_bored_engaged_maguru_36_1774443974602_010_jpg.rf.ae9c1dfb20ab61276e6d4ecf157efef5.jpg,24.95600003749132,20.368099212646484,3.0083656311035156,1.5113353729248047,0.008100003469735384,1.1454999912530184,18.335600034333766,19.48920002905652,24.95600003749132,0.298700004350394,1.3758999994024634,18.18380004260689,44.81440008385107
bigdata_bored_engaged_maguru_36_1774443974602_013_jpg.rf.67d467c6c3d5f89b1573e0c2ca4adbb5.jpg,25.969100010115653,22.6137638092041,2.1622180938720703,1.0073184967041016,0.008600007276982069,1.1478999513201416,18.11710000038147,19.273599958978593,25.969100010115653,0.25620002998039126,1.0636999504640698,18.366500036790967,45.65550002735108
bigdata_bored_engaged_maguru_36_1774443975781_022_jpg.rf.66bd59478eeb5d2763cadc5b736870e8.jpg,21.80029998999089,19.901752471923828,1.0037422180175781,0.99945068359375,0.012399978004395962,1.1888000299222767,18.660999950952828,19.8621999588795,21.80029998999089,0.258200045209378,1.095400017220527,18.42819998273626,41.582100035157055
bigdata_bored_engaged_maguru_36_1774443975781_023_jpg.rf.fa732af733c573fb57d7dcf4f96c2f4e.jpg,25.204499950632453,22.05061912536621,2.3179054260253906,1.3141632080078125,0.009000010322779417,1.3182999682612717,19.113600021228194,20.440899999812245,25.204499950632453,0.5969000048935413,1.1121999705210328,17.89489999646321,44.80849992251024
bigdata_bored_engaged_nabielrafi_73_1773300505375_000_jpg.rf.709d262405e57c9954f9bcdcbe7986d3.jpg,22.285200015176088,18.946170806884766,1.9979476928710938,2.0012855529785156,0.008300004992634058,1.1819000355899334,17.4486999749206,18.638900015503168,22.285200015176088,0.34229998709633946,0.8677999721840024,17.573099990841,41.06839996529743
bigdata_bored_engaged_nabielrafi_73_1773300505375_002_jpg.rf.ac1fec9bf1c22040522ea13157388725.jpg,25.25230002356693,20.906686782836914,3.1938552856445312,1.5079975128173828,0.008200004231184721,1.1549000046215951,16.658500011544675,17.821600020397455,25.25230002356693,0.5244999774731696,1.0056999744847417,17.524000024423003,44.306499999947846
bigdata_bored_engaged_nabielrafi_73_1773300507126_009_jpg.rf.3d0e0db2de90f901843acab06c587afa.jpg,25.73090000078082,19.49620246887207,2.1698474884033203,3.998279571533203,0.008600007276982069,0.9883000166155398,17.028699978254735,18.025600002147257,25.73090000078082,0.255799968726933,1.088300021365285,18.38229998247698,45.45729997335002
bigdata_bored_engaged_nabielrafi_73_1773300508439_016_jpg.rf.047276c334aa729b8c37bca7a6569953.jpg,22.777800040785223,19.51122283935547,2.0215511322021484,1.5113353729248047,0.009600014891475439,1.3063999940641224,18.18499999353662,19.50100000249222,22.777800040785223,0.45549997594207525,1.1796000180765986,17.695399990770966,42.10830002557486
bigdata_bored_engaged_nian_74_1774481802826_008_jpg.rf.1658d417f1016f47fb2e2646c8e2c938.jpg,24.56230000825599,22.092580795288086,0.99945068359375,0.9970664978027344,0.008700008038431406,1.1752999853342772,17.58360001258552,18.76760000595823,24.56230000825599,0.26160001289099455,1.0777999996207654,17.207800003234297,43.109500024002045
bigdata_bored_engaged_nian_74_1774481803462_010_jpg.rf.44c911a13a6195af4f81260278eb3f4f.jpg,23.549299978185445,20.296096801757812,2.3250579833984375,1.0008811950683594,0.007199996616691351,0.8450000314041972,18.45919998595491,19.3114000139758,23.549299978185445,0.2655999851413071,1.097500033210963,18.015700043179095,42.92810003971681
bigdata_bored_engaged_sultanbudi_44_1773299447453_002_jpg.rf.6605b7fa0d9a67b0c21539fbeabc863c.jpg,25.722399994265288,21.87657356262207,1.995086669921875,1.3461112976074219,0.008199946023523808,1.1524000437930226,18.588899984024465,19.74949997384101,25.722399994265288,0.2630999661050737,1.0829000384546816,17.53299997653812,44.601399975363165
bigdata_bored_engaged_sultanbudi_44_1773299448092_005_jpg.rf.ef8fd60816bbba7bcd943727e22eb44b.jpg,26.115500018931925,20.03169059753418,1.0023117065429688,5.5179595947265625,0.010000017937272787,1.1696000001393259,19.598299986682832,20.77790000475943,26.115500018931925,0.59710000641644,1.136499980930239,18.527899985201657,46.37699999148026
bigdata_bored_engaged_sultanbudi_44_1773299449096_017_jpg.rf.b71f522404379f847b63f590bc82a8b0.jpg,25.994099967647344,19.98305320739746,1.0006427764892578,3.994464874267578,0.010499963536858559,1.196300028823316,18.45919998595491,19.665999978315085,25.994099967647344,0.4526000120677054,1.1365999816916883,16.90210000379011,44.48539996519685
bigdata_confused_engaged_aksan_50_1773299626821_001_jpg.rf.e01527f92a8b2b8afb23157034f4e932.jpg,22.759300016332418,19.378662109375,1.5342235565185547,1.0089874267578125,0.012299977242946625,0.9940000018104911,18.526599975302815,19.532899954356253,22.759300016332418,0.46690000453963876,1.2885999749414623,19.05770000303164,43.57249999884516
bigdata_confused_engaged_aksan_50_1773299627557_005_jpg.rf.3f59da468dc0c336bbf61f3fae66c306.jpg,25.038000021595508,22.789478302001953,1.0006427764892578,1.0099411010742188,0.007099995855242014,1.2103999615646899,17.835200007539243,19.052699964959174,25.038000021595508,0.3330999752506614,1.1261000181548297,17.775400017853826,44.272600032854825
bigdata_confused_engaged_ansyah_08_1774442975879_015_jpg.rf.1e5afec1c8b1eb39f79d3c138baf8b81.jpg,26.36979997623712,19.936800003051758,4.006147384643555,1.3582706451416016,0.008500006515532732,1.1559000122360885,17.79819995863363,18.962599977385253,26.36979997623712,0.2911000046879053,1.1243000044487417,19.4906999822706,47.275899967644364
bigdata_confused_engaged_ansyah_08_1774442976497_021_jpg.rf.053fe589b41b2f21cf68b67fd037e4b1.jpg,22.255500021856278,19.1037654876709,2.457141876220703,1.001119613647461,0.008500006515532732,1.181200030259788,17.363599967211485,18.553300003986806,22.255500021856278,0.2995000104419887,1.1047000298276544,18.13319994835183,41.79290001047775
bigdata_confused_engaged_ardiansyah_26_1774441942517_015_jpg.rf.b713670298d165d6db5c5603efdf8eb6.jpg,25.88939998531714,22.183656692504883,1.9960403442382812,0.9973049163818359,0.010899966582655907,1.18680001469329,17.25769997574389,18.455399957019836,25.88939998531714,0.2815000480040908,1.077699998859316,18.287000013515353,45.5356000456959
bigdata_confused_engaged_arya_31_1773299348638_006_jpg.rf.579a846e2aa1793f9d1d29b1af8174d4.jpg,26.98310004780069,20.247936248779297,1.5141963958740234,4.516124725341797,0.010200019460171461,1.1798000195994973,18.42799998121336,19.61800002027303,26.98310004780069,0.23940001847222447,0.7894000154919922,16.517599986400455,44.52950006816536
bigdata_confused_engaged_arya_31_1773299348638_007_jpg.rf.f8d1a859db4c68429d4705ddf1f1fd58.jpg,23.564599978271872,19.546031951904297,1.8489360809326172,1.232147216796875,0.011800031643360853,1.5393999638035893,18.366699980106205,19.917899975553155,23.564599978271872,0.3648999845609069,1.1139000416733325,18.834599992260337,43.87799999676645
bigdata_confused_engaged_arya_31_1773299349998_016_jpg.rf.d66383e2a9f269d82f248b211c6d4e42.jpg,23.457299976143986,19.203901290893555,3.368377685546875,0.9984970092773438,0.008000002708286047,1.1434000334702432,17.876600031740963,19.028000067919493,23.457299976143986,0.25779998395591974,1.0328000062145293,17.454100016038865,42.2019999823533
bigdata_confused_engaged_arya_31_1773299350773_020_jpg.rf.77ce0c72156c7c36b757fda040a377e5.jpg,24.957199988421053,20.8284854888916,1.996755599975586,1.504659652709961,0.00890000956133008,1.173799973912537,17.33770000282675,18.520399986300617,24.957199988421053,0.3065000055357814,1.159899984486401,16.917600005399436,43.34119998384267
bigdata_confused_engaged_arya_31_1773299350773_021_jpg.rf.3c6f8682635909c5031106e7d37b5f4e.jpg,26.396700006444007,23.56863021850586,1.0004043579101562,1.0056495666503906,0.008700008038431406,1.1789000127464533,17.254500009585172,18.442100030370057,26.396700006444007,0.27279998175799847,1.0753999813459814,17.69040001090616,45.43529998045415
bigdata_confused_engaged_iann_62_1774442855062_002_jpg.rf.c5190126b44b5893f2105a5034efdac5.jpg,23.098999983631074,20.359516143798828,1.1153221130371094,0.9999275207519531,0.01409999094903469,1.152199984062463,18.034900014754385,19.201199989765882,23.098999983631074,0.31189998844638467,1.0925999958999455,18.741799984127283,43.24529995210469
bigdata_confused_engaged_iann_62_1774442855812_005_jpg.rf.d982328693596f17761cd923fea0ac7c.jpg,24.810199975036085,21.79408073425293,1.004934310913086,2.0074844360351562,0.011199968867003918,1.3972000451758504,17.454300017561764,18.862700031604618,24.810199975036085,0.2652999828569591,1.158400031272322,16.76109997788444,42.99499996704981
bigdata_confused_engaged_iann_62_1774442856927_013_jpg.rf.c9f0ecf318d2332562480c341609070b.jpg,26.355399983003736,23.20408821105957,2.002239227294922,0.9150505065917969,0.009200011845678091,1.1559000122360885,17.724100034683943,18.88920005876571,26.355399983003736,0.4162999684922397,1.0565000120550394,18.729800009168684,46.5579999727197
bigdata_confused_engaged_iann_62_1774442857561_015_jpg.rf.f833a78969126013bee9e91335b33bfd.jpg,27.05089998198673,23.731231689453125,1.318216323852539,1.9989013671875,0.009299954399466515,1.1678000446408987,18.48160004010424,19.658700039144605,27.05089998198673,0.28390000807121396,1.082700036931783,17.526199982967228,45.943700009956956
bigdata_confused_engaged_maguru_36_1774443959615_010_jpg.rf.6fd1d6ec4b5781c876484924c60725fe.jpg,26.484799978788942,19.248247146606445,2.148151397705078,4.56547737121582,0.009699957445263863,1.184699998702854,18.96429999032989,20.15869994647801,26.484799978788942,0.5484000430442393,1.0668999748304486,17.91390002472326,46.01400002138689
bigdata_confused_engaged_maguru_36_1774443960140_015_jpg.rf.8f1db2af2dc7a9050c401300b6ea4ba8.jpg,22.107700002379715,20.019054412841797,0.9973049163818359,1.005411148071289,0.00890000956133008,0.9210000280290842,19.747899961657822,20.677799999248236,22.107700002379715,0.3053999971598387,1.0920999920926988,17.33770000282675,40.842899994459
bigdata_confused_engaged_muhdaryadn_00_1773299194345_016_jpg.rf.fa7f9050d87d5624d1abb169512baa6f.jpg,22.568700020201504,18.436193466186523,2.5043487548828125,0.9107589721679688,0.013399985618889332,1.3914000010117888,18.224900006316602,19.62969999294728,22.568700020201504,0.3334999782964587,1.1122999712824821,16.730800038203597,40.74530000798404
bigdata_confused_engaged_muhdaryadn_00_1773299196116_020_jpg.rf.87207fb06374305b998e7ad452818394.jpg,24.661800009198487,21.91638946533203,1.1997222900390625,1.0132789611816406,0.019200029782950878,1.2222999939695,20.817300013732165,22.058800037484616,24.661800009198487,0.35830005072057247,1.0990999871864915,18.255600007250905,44.374800054356456
bigdata_confused_engaged_nabielrafi_73_1773300487959_005_jpg.rf.bde60e6603716fffaaccda12074e7159.jpg,25.46890004305169,23.103952407836914,1.0004043579101562,1.0025501251220703,0.010400020983070135,1.16460002027452,18.41489999787882,19.58990003913641,25.46890004305169,0.2677000011317432,1.17350002983585,17.045399989001453,43.955500063020736
bigdata_confused_engaged_nabielrafi_73_1773300490373_020_jpg.rf.824395371a555b29ff2c08acaae078d9.jpg,26.761899993289262,20.771026611328125,4.004240036010742,1.001596450805664,0.008499948307871819,1.1645000195130706,18.793300027027726,19.96629999484867,26.761899993289262,0.2541000139899552,1.117600011639297,17.607599962502718,45.74119998142123
bigdata_confused_engaged_nian_74_1774481787071_004_jpg.rf.8aa51a80f8470b5c7eeac39b14e93a90.jpg,25.379500002600253,22.144079208374023,1.0058879852294922,2.007722854614258,0.008500006515532732,1.1579999700188637,18.075100029818714,19.24160000635311,25.379500002600253,0.2948000328615308,1.0896999738179147,17.065600026398897,43.829600035678595
bigdata_confused_engaged_nian_74_1774481787589_005_jpg.rf.053d7d102ed53ec59ebf1b14cabdae0d.jpg,26.706799981184304,20.66802978515625,2.002239227294922,3.628969192504883,0.01179997343569994,1.2091000098735094,17.855899990536273,19.076799973845482,26.706799981184304,0.5442000110633671,0.9539999882690609,17.48290000250563,45.68789998302236
bigdata_confused_engaged_nian_74_1774481788145_011_jpg.rf.2ab8b10c1e38083912f40165a66aa40a.jpg,23.974300012923777,21.146059036254883,1.0063648223876953,1.0004043579101562,0.008500006515532732,1.438500010408461,17.787700053304434,19.234700070228428,23.974300012923777,0.7485999958589673,1.3501000357791781,17.97779998742044,44.05080003198236
bigdata_confused_engaged_nian_74_1774481788145_013_jpg.rf.112dd2d6bf2ca011a3d41bf92b6bee30.jpg,23.04940001340583,20.406484603881836,0.99945068359375,0.9987354278564453,0.008400005754083395,1.1630000080913305,17.644900013692677,18.81630002753809,23.04940001340583,0.8416000055149198,1.125000009778887,19.254499988164753,44.27050001686439
bigdata_confused_engaged_nian_74_1774481788667_018_jpg.rf.d4722fd1efbbb3791dad3d0ebe2ad79e.jpg,23.122699989471585,20.666837692260742,0.9989738464355469,0.9992122650146484,0.009000010322779417,1.1600999860092998,18.2001999928616,19.369299989193678,23.122699989471585,0.3381000133231282,1.1307999957352877,19.904699991457164,44.496299989987165
bigdata_confused_engaged_sultanbudi_44_1773299427596_015_jpg.rf.bb68288bef75f4941a8aa1e0020daf6e.jpg,24.14409996708855,20.857572555541992,2.1240711212158203,1.0075569152832031,0.008400005754083395,1.1878999648615718,17.968100029975176,19.16440000059083,24.14409996708855,0.2635999699123204,1.0757999843917787,19.75580002181232,45.23929994320497
bigdata_confused_engaged_sultanbudi_44_1773299428051_021_jpg.rf.cd751c67215009792ee3acafd1ad98c6.jpg,24.39770003547892,20.69234848022461,1.0044574737548828,2.474546432495117,0.009000010322779417,1.18090002797544,16.93779998458922,18.12770002288744,24.39770003547892,0.23599999258294702,1.06969999615103,17.355200019665062,43.05860004387796
bigdata_engaged_aksan_50_1773299598115_015_jpg.rf.b9ffa9a19f6af55dde5cabbb3fd535c5.jpg,21.438400028273463,18.548965454101562,1.050710678100586,2.0041465759277344,0.01390004763379693,1.4807999832555652,18.59709998825565,20.091800019145012,21.438400028273463,0.31460000900551677,1.1854000040329993,17.13309995830059,40.07149999961257
bigdata_engaged_aksan_50_1773299598115_017_jpg.rf.107be64a729adc57e6383c3a67df377f.jpg,24.52189999166876,21.35467529296875,2.0110607147216797,0.7293224334716797,0.009200011845678091,1.1489000171422958,17.0769999967888,18.235100025776774,24.52189999166876,0.25780004216358066,1.089799974579364,17.107799998484552,42.97730000689626
bigdata_engaged_aksan_50_1773299598680_021_jpg.rf.30d9935016b12895ed2f5131eece7152.jpg,25.969900016207248,23.319005966186523,1.0004043579101562,1.3263225555419922,0.00890000956133008,1.1481999536044896,18.44470005016774,19.60180001333356,25.969900016207248,0.4141000099480152,1.1338000185787678,17.097299976740032,44.61510002147406
bigdata_engaged_ardiansyah_26_1774441903831_017_jpg.rf.f916fb9da95a1fbf341c143e6ab1696b.jpg,26.739299995824695,22.553205490112305,2.0084381103515625,2.004384994506836,0.009800016414374113,1.212499977555126,18.463000014889985,19.685300008859485,26.739299995824695,0.5824000108987093,1.1008000001311302,16.795200004708022,45.217700011562556
bigdata_engaged_iann_62_1774442840409_007_jpg.rf.da75cde64385ded12257fa863e4f3aa7.jpg,26.845600048545748,20.740985870361328,0.8683204650878906,4.519462585449219,0.009500014130026102,1.2206999817863107,17.175299988593906,18.405499984510243,26.845600048545748,0.38330000825226307,0.9873000090010464,17.317999969236553,45.53420003503561
bigdata_engaged_iann_62_1774442841917_021_jpg.rf.3c61d40c4c803fd0a13ccc937d1e2885.jpg,24.008900043554604,20.139217376708984,1.634836196899414,2.270221710205078,0.01090002479031682,1.2599999899975955,18.653400009498,19.924300024285913,24.008900043554604,0.29799999902024865,1.0935000027529895,18.30239995615557,43.70280000148341
bigdata_engaged_maguru_36_1774443944853_014_jpg.rf.60c0bcec9a1fe66902ad71b3729ab9ab.jpg,24.439500004518777,22.055387496948242,0.9984970092773438,0.9980201721191406,0.008400005754083395,1.1345000239089131,18.13209999818355,19.275000027846545,24.439500004518777,0.2880999818444252,1.1122999712824821,17.419899988453835,43.25979994609952
bigdata_engaged_nabielrafi_73_1773300462761_012_jpg.rf.a1237e2f904bda07ded9bf1bcb927f34.jpg,26.66880004107952,22.91703224182129,2.0117759704589844,2.001047134399414,0.008200004231184721,1.1747999815270305,17.929900030139834,19.11290001589805,26.66880004107952,0.5646999925374985,1.0700999991968274,16.73149998532608,45.03510001813993
bigdata_engaged_nian_74_1774481767290_008_jpg.rf.eadbaac19760c055dd1cc875995bdcd6.jpg,23.890500015113503,19.772052764892578,2.4950504302978516,2.0079612731933594,0.014199991710484028,1.263700018171221,18.022599979303777,19.300499989185482,23.890500015113503,0.27600000612437725,1.2402000138536096,17.765500000678003,43.17220003576949
bigdata_engaged_nian_74_1774481767290_009_jpg.rf.bfc52320285fa04bce57ac4ace4b0b93.jpg,22.653299965895712,18.794536590576172,1.9948482513427734,1.0001659393310547,0.009000010322779417,1.1618999997153878,21.442800003569573,22.61370001360774,22.653299965895712,0.6495999987237155,1.332300016656518,18.225800013169646,42.86099999444559
bigdata_engaged_nian_74_1774481768295_015_jpg.rf.2e31329012497bed1263d22cfb3a4b63.jpg,23.383799998555332,20.508766174316406,2.0189285278320312,0.5288124084472656,0.008700008038431406,1.144799985922873,19.285299989860505,20.43879998382181,23.383799998555332,0.3627999685704708,0.9172999998554587,17.895400000270456,42.55929996725172
bigdata_engaged_nian_74_1774481768694_021_jpg.rf.906f7604f942cdf0ae5acb907badc585.jpg,23.822999966796488,20.726680755615234,1.0385513305664062,1.2669563293457031,0.009000010322779417,1.5837999526411295,19.259000022429973,20.851799985393882,23.822999966796488,0.35930000012740493,1.213999988976866,18.56180001050234,43.9580999664031
bigdata_engaged_nian_74_1774481768694_023_jpg.rf.48f42a65533ff9d484d28fa1e2339c22.jpg,24.871000030543655,18.88751983642578,4.113912582397461,2.2933483123779297,0.01090002479031682,1.1928000021725893,18.845100014004856,20.048800040967762,24.871000030543655,0.6690000300295651,1.1950999614782631,18.73070001602173,45.46580003807321
bigdata_engaged_rahyan_94_1773299471184_004_jpg.rf.8a66c15fee88f36c79ff90fc8c0b058d.jpg,24.143600021488965,21.1484432220459,1.0027885437011719,1.3883113861083984,0.008699949830770493,1.178500009700656,18.43250001547858,19.619699975010008,24.143600021488965,0.5869999877177179,1.1872000177390873,17.903300002217293,43.82110002916306
bigdata_engaged_rahyan_94_1773299472479_009_jpg.rf.5698d937010cadd1e25b5441cceb65d1.jpg,27.01419999357313,19.870758056640625,5.284309387207031,1.0106563568115234,0.008100003469735384,1.1356000322848558,18.020399962551892,19.164099998306483,27.01419999357313,0.30690000858157873,1.0563000105321407,18.84569996036589,47.22309997305274
bigdata_engaged_rahyan_94_1773299473169_014_jpg.rf.78df71baee59f6dcd90b44241e5e47f1.jpg,26.063499972224236,22.565603256225586,1.5239715576171875,1.0058879852294922,0.008600007276982069,1.140400010626763,17.922199971508235,19.07119998941198,26.063499972224236,0.27840002439916134,1.1620000004768372,17.85899995593354,45.362899953033775
bigdata_engaged_sultanbudi_44_1773299409452_020_jpg.rf.c82fca032df6d4c2b4fcafde8f1955dd.jpg,27.620399952866137,24.58977699279785,1.4486312866210938,1.3027191162109375,0.008600007276982069,1.1534999939613044,17.75090000592172,18.913000007160008,27.620399952866137,0.2519999979995191,1.0754999821074307,18.90969998203218,47.85759991500527
bigdata_frustrated_engaged_aksan_50_1773299676775_022_jpg.rf.ad4d4286bcfbadad63bea7116743301a.jpg,27.293300023302436,24.155855178833008,2.1011829376220703,1.310586929321289,0.009500014130026102,1.1463999981060624,17.49160001054406,18.64750002278015,27.293300023302436,0.3846999607048929,1.1352000292390585,18.495299969799817,47.308499983046204
bigdata_frustrated_engaged_ansyah_08_1774443005524_001_jpg.rf.d96b689dfcb334d782fcf541bc67f12a.jpg,26.641900010872632,20.784854888916016,1.0058879852294922,4.4498443603515625,0.008500006515532732,1.180300023406744,17.505600000731647,18.694400030653924,26.641900010872632,0.26379997143521905,1.089499972295016,17.818599997553974,45.81379995215684
bigdata_frustrated_engaged_ansyah_08_1774443007961_023_jpg.rf.440bf68670639faf246b1f3a848e44a7.jpg,27.48829999472946,20.310640335083008,1.9989013671875,5.333662033081055,0.010300020221620798,1.1895999778062105,17.358799988869578,18.55869998689741,27.48829999472946,0.5973000079393387,1.1190999648533762,18.178300000727177,47.38299996824935
bigdata_frustrated_engaged_ardiansyah_26_1774441972363_001_jpg.rf.ed5f5f6124cc0b9898af4a4835b0d94f.jpg,22.24929997464642,18.72849464416504,1.6016960144042969,0.99945068359375,0.009300012607127428,1.215199998114258,18.042299954686314,19.2667999654077,22.24929997464642,0.6022999878041446,1.125000009778887,18.340200011152774,42.316799983382225
bigdata_frustrated_engaged_ardiansyah_26_1774441973900_012_jpg.rf.998bbea5af60b3362145819d7bfb0528.jpg,22.545100015122443,19.766569137573242,0.9989738464355469,1.0440349578857422,0.010200019460171461,1.1712000123225152,18.305999983567744,19.48740001535043,22.545100015122443,0.3493999829515815,1.1578999692574143,17.324000014923513,41.37639998225495
bigdata_frustrated_engaged_ardiansyah_26_1774441974525_015_jpg.rf.b61779c6bc58e34c7e1f5331b72dda9b.jpg,24.786800029687583,20.756006240844727,3.0150413513183594,0.9996891021728516,0.008300004992634058,1.117900013923645,17.850100004579872,18.97630002349615,24.786800029687583,0.2586999908089638,1.089799974579364,17.60289998492226,43.73819997999817
bigdata_frustrated_engaged_arya_31_1773299421946_002_jpg.rf.db46ff516a60a05752d205eba9e60434.jpg,26.96669998113066,22.678375244140625,2.2628307342529297,2.1593570709228516,0.013199984095990658,1.1967999744229019,16.773600014857948,17.98359997337684,26.96669998113066,0.2738999901339412,1.0866000084206462,17.130699998233467,45.457899977918714
bigdata_frustrated_engaged_arya_31_1773299421946_004_jpg.rf.7371db79a00424137a065d274e4660cb.jpg,22.070499951951206,18.503427505493164,2.5110244750976562,1.1260509490966797,0.010300020221620798,1.224899955559522,17.473100044298917,18.70830002008006,22.070499951951206,0.3095000283792615,1.1264000204391778,17.514900013338774,41.02130001410842
bigdata_frustrated_engaged_arya_31_1773299422645_005_jpg.rf.964404e82a7dff1192f49ef2ec196cce.jpg,25.417800003197044,19.310474395751953,4.535198211669922,2.3233890533447266,0.008600007276982069,1.1291999835520983,18.488000030629337,19.625800021458417,25.417800003197044,0.3244999679736793,1.0974000324495137,18.09029997093603,44.92999997455627
bigdata_frustrated_engaged_arya_31_1773299424986_022_jpg.rf.75b5eb9da796bddb176889e714e4ef12.jpg,24.847200023941696,20.125389099121094,3.0646324157714844,0.9999275207519531,0.009200011845678091,1.1593999806791544,16.742500010877848,17.91110000340268,24.847200023941696,0.3053999971598387,1.1043999693356454,17.369800014421344,43.626800004858524
bigdata_frustrated_engaged_iann_62_1774442888909_004_jpg.rf.f01d02def92f93dba5e707a82e48b69c.jpg,27.031000005081296,23.709535598754883,2.043485641479492,1.238107681274414,0.008500006515532732,1.3316000113263726,17.729200015310198,19.069300033152103,27.031000005081296,0.616899982560426,1.127899973653257,17.730700026731938,46.50649998802692
bigdata_frustrated_engaged_iann_62_1774442891024_018_jpg.rf.15d411726d20d864edd305c30a3d660f.jpg,23.795599990990013,20.09439468383789,2.2563934326171875,0.9958744049072266,0.008500006515532732,1.394999970216304,18.12900003278628,19.532500009518117,23.795599990990013,0.39659999310970306,0.9183000074699521,18.717500031925738,43.828000023495406
bigdata_frustrated_engaged_maguru_36_1774443989230_000_jpg.rf.f95ab0230fb009e42c2bc50853850299.jpg,23.71330000460148,19.544124603271484,2.0008087158203125,1.9991397857666016,0.007700000423938036,1.0414000134915113,16.678999993018806,17.728100006934255,23.71330000460148,0.6563999922946095,1.095700019504875,16.68419997440651,42.149599990807474
bigdata_frustrated_engaged_maguru_36_1774443990383_014_jpg.rf.2fdef8cc7c98d10d8cacd7fa48b1fcc4.jpg,25.241499999538064,19.57392692565918,3.9987564086914062,1.4615058898925781,0.00879995059221983,1.1940000113099813,18.169899994973093,19.372699956875294,25.241499999538064,0.40439999429509044,1.1590999783948064,18.840900040231645,45.645900012459606
bigdata_frustrated_engaged_maguru_36_1774443991656_020_jpg.rf.8f044c62ae7f50a55f326b402bffb72f.jpg,27.453600021544844,21.595239639282227,4.390478134155273,1.0077953338623047,0.007499998901039362,1.1059999815188348,18.314699991606176,19.42819997202605,27.453600021544844,0.26619998971000314,1.088600023649633,17.813699960242957,46.62209999514744
bigdata_frustrated_engaged_nabielrafi_73_1773300532856_007_jpg.rf.9240d8fdb8320d89b3f10da921454b1c.jpg,23.94719998119399,21.45099639892578,1.0075569152832031,0.0,0.008400005754083395,1.214599993545562,18.190699978731573,19.413699978031218,23.94719998119399,0.299000006634742,1.1307999957352877,17.518999986350536,42.895999969914556
bigdata_frustrated_engaged_nian_74_1774481818291_006_jpg.rf.882fd5c47b1fac5dfed74965a3f07b69.jpg,25.667100038845092,21.158218383789062,2.888202667236328,2.4106502532958984,0.010100018698722124,1.199799997266382,16.823299985844642,18.033200001809746,25.667100038845092,0.5671000108122826,1.0846999939531088,17.667000007349998,44.98590005096048
bigdata_frustrated_engaged_nian_74_1774481819730_020_jpg.rf.7c23db828acdd47cfd225a809c1bc2de.jpg,23.32510001724586,19.95086669921875,2.0418167114257812,1.0499954223632812,0.01750001683831215,1.3139999937266111,16.768199973739684,18.099699984304607,23.32510001724586,0.6090999813750386,1.098100037779659,18.544599995948374,43.57690003234893
bigdata_frustrated_engaged_rahyan_94_1773299541318_010_jpg.rf.b812bd70c3c1ec88035bd9e40f38ada4.jpg,23.633499979041517,20.012617111206055,1.001596450805664,2.569437026977539,0.008700008038431406,1.132700010202825,18.655400024726987,19.796800042968243,23.633499979041517,0.2817999920807779,1.1130999773740768,17.456800036597997,42.48519998509437
bigdata_frustrated_engaged_rahyan_94_1773299542063_015_jpg.rf.1136329858659f8d3a15633159525446.jpg,26.719700021203607,22.848129272460938,2.3119449615478516,2.330780029296875,0.009000010322779417,1.128499978221953,17.437500006053597,18.57499999459833,26.719700021203607,0.31079998007044196,1.0095000034198165,17.855799989774823,45.89579999446869
bigdata_frustrated_engaged_rahyan_94_1773299542064_019_jpg.rf.320a543b3edd755a330b37db4faf02f9.jpg,27.881600020918995,21.49343490600586,1.0061264038085938,5.551338195800781,0.008999952115118504,1.1420000228099525,18.00899999216199,19.15999996708706,27.881600020918995,0.3082000184804201,1.150999974925071,17.91110000340268,47.251900017727166
bigdata_frustrated_engaged_sultanbudi_44_1773299494792_006_jpg.rf.958bb0294e189e906a7f49c03f446f76.jpg,26.465400005690753,19.81806755065918,1.9993782043457031,4.510164260864258,0.009699957445263863,1.1700000031851232,19.098300021141768,20.277999981772155,26.465400005690753,0.2609000075608492,1.0713000083342195,19.233300001360476,47.0309000229463
bigdata_frustrated_engaged_sultanbudi_44_1773299495533_012_jpg.rf.4fe08685fa71f2af5bb57c0665d6781d.jpg,21.30689995829016,18.573284149169922,1.0035037994384766,2.0956993103027344,0.008600007276982069,1.3667999883182347,17.88020000094548,19.255599996540695,21.30689995829016,0.31079998007044196,1.1095000081695616,17.65759999398142,40.384799940511584
bigdata_frustrated_engaged_sultanbudi_44_1773299495533_014_jpg.rf.f311c73ea7f8a33f560974aa506a1ba9.jpg,24.105999968014657,21.635055541992188,1.0001659393310547,1.0066032409667969,0.007299997378140688,0.9332000045105815,16.9214999768883,17.86199997877702,24.105999968014657,0.36210002144798636,1.0716000106185675,17.626299988478422,43.16599998855963
bored_2201.jpg,25.544799980707467,21.626710891723633,2.9969215393066406,1.5065670013427734,0.008800008799880743,1.165199966635555,18.197700032033026,19.371700007468462,25.544799980707467,0.36589999217540026,0.9724999545142055,19.027600006666034,45.91079993406311
bored_4708.jpg,25.55900003062561,20.528078079223633,3.5169124603271484,0.9992122650146484,0.00890000956133008,1.145999995060265,17.885099980048835,19.03999998467043,25.55900003062561,0.5530000198632479,1.1387999984435737,17.988800012972206,45.23960006190464
bored_5053.jpg,27.591500023845583,24.48105812072754,1.4717578887939453,1.3499259948730469,0.009500014130026102,1.310400024522096,17.267699993681163,18.587600032333285,27.591500023845583,0.26509998133406043,1.1168000055477023,18.047999998088926,47.02140000881627
bored_5222.jpg,27.055899961851537,22.88055419921875,2.0051002502441406,1.0781288146972656,0.01179997343569994,1.285900012589991,17.428999999538064,18.726699985563755,27.055899961851537,0.2722999779507518,1.1555000091902912,17.18389999587089,45.66759994486347
bored_5226.jpg,29.29879998555407,23.860692977905273,2.999544143676758,2.209186553955078,0.01079996582120657,1.2475000112317502,17.799400025978684,19.05770000303164,29.29879998555407,0.4686999600380659,1.0894000297412276,19.043299951590598,49.90019992692396
bored_5685.jpg,26.21549996547401,19.53744888305664,1.0044574737548828,4.001855850219727,0.009500014130026102,1.296799979172647,17.227499978616834,18.533799971919507,26.21549996547401,0.5370000144466758,1.0830999817699194,17.228799988515675,45.06439995020628
bored_6047.jpg,24.766000045929104,21.347999572753906,1.0004043579101562,2.1576881408691406,0.014199991710484028,1.380800036713481,19.608700007665902,21.003700036089867,24.766000045929104,0.35010004648938775,1.066399971023202,19.487100013066083,45.66960007650778
bored_6279.jpg,29.89740000339225,23.804903030395508,4.273891448974609,0.9970664978027344,0.020000035874545574,1.2827999889850616,17.019499966409057,18.322299991268665,29.89740000339225,0.2607000060379505,1.1027000145986676,17.70799997029826,48.96879999432713
bored_6379.jpg,22.776400030124933,19.530773162841797,1.008749008178711,1.0006427764892578,0.011300027836114168,1.288799976464361,18.04610004182905,19.346200046129525,22.776400030124933,0.2696000155992806,1.0839999886229634,17.62649999000132,41.7565000243485
bored_6918.jpg,22.488099988549948,18.568754196166992,2.000093460083008,2.0177364349365234,0.008300004992634058,1.1528999893926084,17.66359998146072,18.824799975845963,22.488099988549948,0.5542000290006399,1.0860999464057386,18.529900000430644,42.65829996438697
bored_7094.jpg,25.584999995771796,22.397756576538086,2.0067691802978516,1.0004043579101562,0.009000010322779417,1.1539999977685511,17.76889996835962,18.93189997645095,25.584999995771796,0.5935000372119248,1.0402999469079077,17.966600018553436,45.185399998445064
bored_7107.jpg,27.079599967692047,21.23093605041504,4.677295684814453,0.9989738464355469,0.009000010322779417,1.147200004197657,17.172699968796223,18.32889998331666,27.079599967692047,0.2747999969869852,1.0911000426858664,17.723399971146137,46.168899978511035
confused_1064.jpg,26.433699997141957,23.107051849365234,2.2497177124023438,1.4827251434326172,0.008400005754083395,1.167000038549304,16.712999960873276,17.888400005176663,26.433699997141957,0.35610003396868706,1.1752999853342772,16.815799986943603,44.780900003388524
confused_1104.jpg,22.377100016456097,20.200490951538086,0.9999275207519531,1.0001659393310547,0.009100011084228754,1.1657000286504626,17.254100006539375,18.428900046274066,22.377100016456097,0.28690003091469407,1.1761999921873212,18.352899991441518,42.19310003099963
confused_13013.jpg,27.04529999755323,19.626140594482422,4.878520965576172,2.1524429321289062,0.008700008038431406,1.442599983420223,19.630800001323223,21.082099992781878,27.04529999755323,0.5715999868698418,1.261900004465133,19.12579999770969,48.004599986597896
confused_13018.jpg,22.888500010594726,19.469261169433594,0.9980201721191406,1.4178752899169922,0.009600014891475439,1.2066999915987253,17.469199956394732,18.685499962884933,22.888500010594726,0.5506000015884638,1.0884000221267343,17.90669996989891,42.43420000420883
confused_2728.jpg,24.637900001835078,21.892309188842773,0.9996891021728516,1.0097026824951172,0.008600007276982069,1.145699992775917,18.581300042569637,19.735600042622536,24.637900001835078,0.31400000443682075,0.8997000404633582,17.003599961753935,42.85520000848919
confused_3271.jpg,25.831300008576363,22.194623947143555,2.6526451110839844,1.9993782043457031,0.008299946784973145,1.1403000098653138,19.085100037045777,20.233699993696064,25.831300008576363,0.26490003801882267,1.0658999672159553,17.48310000402853,44.64520001783967
confused_4134.jpg,29.037199972663075,24.248600006103516,3.1898021697998047,0.9977817535400391,0.008700008038431406,1.2663999805226922,18.099999986588955,19.37509997515008,29.037199972663075,0.7199000101536512,1.1328000109642744,18.267800041940063,49.157700035721064
confused_4142.jpg,26.158599997870624,21.683216094970703,2.5866031646728516,1.003265380859375,0.009100011084228754,1.180299965199083,17.502800037618726,18.69220001390204,26.158599997870624,0.5425999988801777,1.095999963581562,17.954399983864278,45.75159994419664
confused_4361.jpg,27.386299974750727,23.383617401123047,1.0051727294921875,2.4917125701904297,0.009300012607127428,1.2449999921955168,17.83119997708127,19.085499981883913,27.386299974750727,0.2680000034160912,1.1094000074081123,16.82039996376261,45.58409994933754
confused_4559.jpg,22.27570000104606,17.902851104736328,1.0917186737060547,1.9989013671875,0.010300020221620798,1.0196000221185386,17.56460004253313,18.59450008487329,22.27570000104606,0.2744999947026372,1.1430999729782343,16.652500024065375,40.34579999279231
confused_4734.jpg,24.449800024740398,20.80988883972168,2.0046234130859375,0.9982585906982422,0.008400005754083395,1.1391999432817101,18.628999998327345,19.776599947363138,24.449800024740398,0.26620004791766405,1.0766000486910343,18.624499964062124,44.41710008541122
confused_4744.jpg,25.16070002457127,22.38631248474121,2.0058155059814453,1.0001659393310547,0.009599956683814526,1.2271000305190682,19.112899957690388,20.34959994489327,25.16070002457127,0.3790000337176025,1.1502999695949256,17.67269999254495,44.36270002042875
confused_955.jpg,25.26889997534454,22.26567268371582,1.0066032409667969,1.9979476928710938,0.009000010322779417,1.1218999861739576,17.61049998458475,18.741399981081486,25.26889997534454,0.5513000069186091,1.090699981432408,18.243699974846095,45.15459993854165
engaged_1056.jpg,26.2302000191994,23.381710052490234,0.9973049163818359,1.1706352233886719,0.008000002708286047,1.127899973653257,17.082299978937954,18.218199955299497,26.2302000191994,0.3677000058814883,1.0581000242382288,18.82840000325814,46.48440005257726
engaged_1129.jpg,22.44039997458458,19.75274085998535,2.023935317993164,1.2576580047607422,0.008700008038431406,1.285000005736947,17.477199959103018,18.770899972878397,22.44039997458458,0.3386000171303749,1.0914999875240028,18.466299981810153,42.33679996104911
engaged_1149.jpg,23.145299986936152,19.627809524536133,1.4884471893310547,1.0349750518798828,0.00879995059221983,1.1300000478513539,17.473600048106164,18.612400046549737,23.145299986936152,0.3519000019878149,1.1145000462420285,18.50829995237291,43.119999987538904
engaged_1333.jpg,25.612099969293922,21.0874080657959,2.511262893676758,1.2564659118652344,0.008700008038431406,1.000499993097037,18.206899985671043,19.216099986806512,25.612099969293922,0.25939999613910913,0.8061999687924981,17.419800045900047,44.097499980125576
engaged_1378.jpg,22.180400032084435,20.035505294799805,0.9973049163818359,1.0476112365722656,0.008599949069321156,1.2240000069141388,17.198899993672967,18.431499949656427,22.180400032084435,0.3527000080794096,1.0817000293172896,16.92579995142296,40.540600020904094
engaged_144.jpg,23.076400044374168,19.217252731323242,1.5113353729248047,0.9987354278564453,0.009800016414374113,1.1823999811895192,17.073400027584285,18.265600025188178,23.076400044374168,0.2926999586634338,1.1411000159569085,17.69469998544082,42.20490000443533
engaged_1699.jpg,27.387099980842322,21.09813690185547,5.667448043823242,1.0731220245361328,0.008499948307871819,1.1437000357545912,18.017299997154623,19.169499981217086,27.387099980842322,0.3834000090137124,1.0884000221267343,16.61490002879873,45.4738000407815
engaged_1806.jpg,27.22609997726977,20.411968231201172,2.1741390228271484,4.844188690185547,0.008500006515532732,1.1449999874457717,17.20290002413094,18.356400018092245,27.22609997726977,0.5836000200361013,1.1294999858364463,18.62970000365749,47.568899986799806
engaged_1860.jpg,26.030599954538047,19.916057586669922,0.9996891021728516,4.517078399658203,0.010300020221620798,1.186199951916933,16.653700033202767,17.85020000534132,26.030599954538047,0.2856999635696411,1.104600029066205,17.54049997543916,44.961399922613055
engaged_1916.jpg,22.64039998408407,18.99123191833496,1.5058517456054688,2.012968063354492,0.00890000956133008,1.2775000068359077,19.264100003056228,20.550500019453466,22.64039998408407,0.28249999741092324,1.3439000467769802,18.29459995497018,42.561399983242154
engaged_1925.jpg,29.696200042963028,23.873567581176758,1.9984245300292969,2.99835205078125,0.010700023267418146,1.6149000148288906,18.60290003241971,20.22850007051602,29.696200042963028,0.31599996145814657,1.138599996920675,17.964900005608797,49.11570000695065
engaged_1982.jpg,22.115300002042204,19.400835037231445,1.8749237060546875,1.0001659393310547,0.009000010322779417,1.1984999873675406,18.036400026176125,19.243900023866445,22.115300002042204,0.5796000477857888,1.0975999757647514,17.90370000526309,41.696200030855834
engaged_2048.jpg,22.70279999356717,19.484281539916992,1.0068416595458984,0.99945068359375,0.008800008799880743,1.1433000327087939,17.916199984028935,19.06830002553761,22.70279999356717,0.27759996009990573,1.0909000411629677,17.309099959675223,41.380399954505265
engaged_2073.jpg,26.450500008650124,22.79043197631836,2.391815185546875,1.4011859893798828,0.010000017937272787,1.1789999553002417,17.624800035264343,18.813800008501858,26.450500008650124,0.2722999779507518,1.0844999924302101,17.932199989445508,45.73949996847659
engaged_2081.jpg,26.530300034210086,19.607067108154297,2.0008087158203125,4.58526611328125,0.011100026313215494,1.2211999855935574,18.88759998837486,20.119900000281632,26.530300034210086,0.26050000451505184,1.0917999898083508,18.75709998421371,46.6397000127472
engaged_2092.jpg,23.57550000306219,20.42675018310547,0.99945068359375,2.007007598876953,0.014699995517730713,1.1974999797530472,18.242400023154914,19.454599998425692,23.57550000306219,0.32619998091831803,1.2531999964267015,17.38939998904243,42.54429996944964
engaged_2106.jpg,26.29540005000308,22.69291877746582,1.0137557983398438,1.3854503631591797,0.009300012607127428,1.3942000223323703,19.797899993136525,21.201400028076023,26.29540005000308,0.33819995587691665,1.0588000295683742,17.988500010687858,45.68090004613623
engaged_2111.jpg,23.02150003379211,20.462512969970703,1.0533332824707031,0.99945068359375,0.008300004992634058,0.9461999870836735,18.303100019693375,19.257600011769682,23.02150003379211,0.3136000013910234,1.1209999793209136,17.727099999319762,42.18320001382381
engaged_2116.jpg,24.560299993027,20.651578903198242,1.9941329956054688,1.0001659393310547,0.008600007276982069,1.164599962066859,19.26840003579855,20.44160000514239,24.560299993027,0.35009998828172684,1.1600999860092998,17.76600000448525,43.83649997180328
engaged_212.jpg,24.74300004541874,22.05801010131836,1.0018348693847656,1.1444091796875,0.007299997378140688,0.9633000008761883,19.146000035107136,20.116600033361465,24.74300004541874,0.28199999360367656,1.1123999720439315,17.90049998089671,44.03789999196306
engaged_2125.jpg,25.048800045624375,21.60930633544922,1.9996166229248047,1.0066032409667969,0.008600007276982069,1.1223999899812043,16.617999994195998,17.748999991454184,25.048800045624375,0.32300001475960016,1.0784000041894615,17.557799990754575,44.00800005532801
engaged_2156.jpg,22.67569996183738,19.03223991394043,2.0008087158203125,1.9991397857666016,0.012599979527294636,1.1970000341534615,16.355999978259206,17.565599991939962,22.67569996183738,0.34739996772259474,1.5586999943479896,19.53049999428913,44.112299918197095
engaged_2181.jpg,24.378700007218868,19.811630249023438,2.0754337310791016,2.5157928466796875,0.009200011845678091,1.1505999718792737,17.52470002975315,18.6845000134781,24.378700007218868,0.5879999953322113,1.173499971628189,17.89640000788495,44.03659998206422
engaged_2191.jpg,27.196599985472858,23.604393005371094,2.5136470794677734,0.9949207305908203,0.008400005754083395,1.160199986770749,17.154300003312528,18.32289999583736,27.196599985472858,0.5723999929614365,1.1131999781355262,18.730100011453032,47.61229996802285
engaged_2198.jpg,22.70390000194311,20.19810676574707,1.3210773468017578,1.0018348693847656,0.015400000847876072,1.2397999526001513,18.208199995569885,19.463399949017912,22.70390000194311,0.2778000198304653,1.110500015784055,18.050899961963296,42.14309999952093
engaged_2203.jpg,24.027600011322647,19.815444946289062,2.99835205078125,1.008749008178711,0.009700015652924776,1.2129999813623726,18.95450003212318,20.177200029138476,24.027600011322647,0.27599994791671634,1.202800020109862,16.868499980773777,42.374899960123
engaged_2214.jpg,24.187500006519258,20.674943923950195,2.512216567993164,2.007007598876953,0.008300004992634058,1.1556000099517405,17.940099991392344,19.10400000633672,24.187500006519258,0.32359996112063527,1.1074999929405749,17.798000015318394,43.41659997589886
engaged_2216.jpg,23.285300005227327,20.002365112304688,2.018451690673828,1.008749008178711,0.008400005754083395,1.156299957074225,18.73499999055639,19.899699953384697,23.285300005227327,0.5975000094622374,1.0305999894626439,16.476200020406395,41.389600024558604
engaged_3441.jpg,25.755500013474375,18.98670196533203,2.0020008087158203,4.014015197753906,0.00890000956133008,1.1728000245057046,17.83419999992475,19.015900033991784,25.755500013474375,0.5650999955832958,1.1050999746657908,16.421100008301437,43.8467999920249
engaged_419.jpg,22.596499999053776,19.869327545166016,1.001119613647461,1.9986629486083984,0.009400013368576765,1.194800017401576,16.881799965631217,18.08599999640137,22.596499999053776,0.5703000351786613,1.1303999926894903,17.692299967166036,41.989499994087964
engaged_465.jpg,23.312800040002912,19.986629486083984,0.9982585906982422,1.9993782043457031,0.009800016414374113,1.5001000137999654,17.565199988894165,19.075100019108504,23.312800040002912,0.24919997667893767,1.1081999982707202,18.25770002324134,42.92790003819391
engaged_539.jpg,27.59319997858256,22.1710205078125,4.514217376708984,0.9996891021728516,0.009000010322779417,1.1803999659605324,18.378800014033914,19.568199990317225,27.59319997858256,0.284800014924258,1.1089000036008656,17.47099997010082,46.457899967208505
engaged_654.jpg,26.863300008699298,21.17300033569336,4.004001617431641,1.0039806365966797,0.008400005754083395,1.1535999947227538,17.452900006901473,18.61490000737831,26.863300008699298,0.28390000807121396,1.088000019080937,18.67540000239387,46.91060003824532
engaged_683.jpg,26.481300010345876,23.2083797454834,2.1860599517822266,1.0080337524414062,0.009700015652924776,1.173799973912537,18.813000002410263,19.996499991975725,26.481300010345876,0.2609000075608492,1.089799974579364,17.557699989993125,45.389699982479215
engaged_752.jpg,28.725899988785386,21.100997924804688,2.0008087158203125,5.725383758544922,0.007299997378140688,0.8748999680392444,18.05350003996864,18.935700005386025,28.725899988785386,0.27810002211481333,1.0797000140883029,16.50639995932579,46.59009998431429
engaged_885.jpg,25.802899966947734,19.248485565185547,1.9993782043457031,5.059957504272461,0.010300020221620798,1.2102999608032405,18.882400006987154,20.102999988012016,25.802899966947734,0.2699000178836286,1.0979999788105488,17.69629999762401,44.86709996126592
frustrated_14536.jpg,25.66290000686422,20.681142807006836,1.9986629486083984,2.0132064819335938,0.027100031729787588,1.4583999873138964,18.51570000872016,20.001200027763844,25.66290000686422,0.3130999975837767,1.0092000011354685,17.864500056020916,44.84970006160438
frustrated_2540.jpg,23.47760001430288,19.05536651611328,3.0050277709960938,0.9996891021728516,0.008700008038431406,1.1505000293254852,17.78810005635023,18.947300093714148,23.47760001430288,0.3507999936118722,1.1529000476002693,17.474399995990098,42.45570005150512
frustrated_2796.jpg,23.788100050296634,20.6148624420166,0.9937286376953125,1.0023117065429688,0.008500006515532732,1.143599976785481,17.897500016260892,19.049599999561906,23.788100050296634,0.5932999774813652,1.1608999921008945,17.760600021574646,43.30290004145354
frustrated_2824.jpg,24.766300048213452,21.269798278808594,1.9991397857666016,1.5053749084472656,0.007599999662488699,0.9734000195749104,18.19689996773377,19.17789998697117,24.766300048213452,0.5583000020124018,1.1101000127382576,18.641799979377538,45.07650004234165
frustrated_2890.jpg,26.278399978764355,23.2393741607666,2.2237300872802734,0.9989738464355469,0.008700008038431406,1.1280999751761556,18.368399993050843,19.50519997626543,26.278399978764355,0.28039998142048717,1.076800050213933,17.6725999917835,45.308200002182275
frustrated_2946.jpg,28.67789997253567,22.86219596862793,1.0030269622802734,4.622459411621094,0.009700015652924776,1.496699987910688,19.164099998306483,20.670500001870096,28.67789997253567,0.31569995917379856,1.1907000443898141,19.967100000940263,50.151399977039546
frustrated_3111.jpg,24.31279997108504,21.01874351501465,1.9977092742919922,1.0042190551757812,0.006799993570894003,0.8997000404633582,18.260300043039024,19.166800077073276,24.31279997108504,0.5561999860219657,1.1312999995425344,17.712000000756234,43.712299957405776
frustrated_3159.jpg,26.410300051793456,23.465633392333984,2.046346664428711,1.0008811950683594,0.007499998901039362,1.0642000124789774,17.63580000260845,18.707500013988465,26.410300051793456,0.27949997456744313,1.1280000326223671,18.01199995679781,45.829800015781075
frustrated_8024.jpg,27.431199967395514,20.941495895385742,1.9996166229248047,4.2095184326171875,0.00990001717582345,1.1753999860957265,17.144299985375255,18.329599988646805,27.431199967395514,0.26729999808594584,1.121399982366711,18.63860001321882,47.45849996106699
frustrated_8029.jpg,29.033200000412762,25.68674087524414,2.5141239166259766,1.2099742889404297,0.00689999433234334,0.8618999854661524,18.174200027715415,19.04300000751391,29.033200000412762,0.6072999676689506,1.0782000026665628,17.154400004073977,47.87309997482225
frustrated_8942.jpg,23.20170000893995,20.180702209472656,2.0003318786621094,1.0082721710205078,0.012299977242946625,1.380200032144785,16.512200003489852,17.904700012877584,23.20170000893995,0.7104999967850745,1.2398000108078122,18.263400008436292,43.41540002496913
frustrated_9024.jpg,23.189500032458454,18.034934997558594,2.5110244750976562,1.8525123596191406,0.008400005754083395,0.9972000261768699,17.039600003045052,18.045200034976006,23.189500032458454,0.5829999572597444,1.0584000265225768,17.025999957695603,41.85689997393638
frustrated_9145.jpg,26.075100002344698,23.38266372680664,1.0042190551757812,1.1017322540283203,0.00879995059221983,1.153699995484203,17.88630004739389,19.04879999347031,26.075100002344698,0.38020004285499454,0.90079999063164,18.141300010029227,45.49740004586056
frustrated_9576.jpg,25.711199967190623,22.19986915588379,1.007080078125,1.375436782836914,0.009400013368576765,1.1884999694302678,17.385800019837916,18.58370000263676,25.711199967190623,0.26249996153637767,1.0810000239871442,16.7599999695085,43.814699922222644
frustrated_9604.jpg,22.99879997735843,20.252704620361328,1.0006427764892578,1.8265247344970703,0.01209997572004795,1.1538999970071018,16.87580003635958,18.041800009086728,22.99879997735843,0.34149998100474477,1.2778000091202557,16.30769995972514,40.92579992720857
frustrated_9653.jpg,26.533399999607354,22.81022071838379,2.0012855529785156,2.000570297241211,0.008699949830770493,1.1857000063173473,17.364000028464943,18.55839998461306,26.533399999607354,0.27169997338205576,1.0771999950520694,16.643500013742596,44.525799981784075
frustrated_9734.jpg,28.208700008690357,24.953603744506836,2.001047134399414,0.9992122650146484,0.009300012607127428,1.1825999827124178,18.295700021553785,19.48760001687333,28.208700008690357,0.5740000051446259,1.077399996574968,18.195799959357828,48.05589996976778
frustrated_9812.jpg,26.03030001046136,19.486427307128906,2.002716064453125,4.554510116577148,0.010400020983070135,1.1636000126600266,17.91830000001937,19.092300033662468,26.03030001046136,0.5871999892406166,1.088599965441972,16.935900028329343,44.64199999347329
